Driver,Stint,Compound,StartLap,EndLap,StintLaps,AverageLapTime,FastestLapTime,AverageTyreLife
ALB,1.0,INTERMEDIATE,1.0,12.0,12,0 days 00:01:57.359250,0 days 00:01:45.774000,6.5
ALB,2.0,INTERMEDIATE,13.0,42.0,30,0 days 00:01:49.299920,0 days 00:01:39.220000,15.5
ALB,3.0,MEDIUM,43.0,52.0,10,0 days 00:01:34.918500,0 days 00:01:30.047000,5.5
ALO,1.0,INTERMEDIATE,1.0,11.0,11,0 days 00:01:57.428090909,0 days 00:01:45.678000,6.0
ALO,2.0,INTERMEDIATE,12.0,37.0,26,0 days 00:01:50.801714285,0 days 00:01:40.138000,13.5
ALO,3.0,MEDIUM,38.0,52.0,15,0 days 00:01:38.012800,0 days 00:01:30.353000,9.0
ANT,1.0,INTERMEDIATE,1.0,2.0,2,0 days 00:02:02.421000,0 days 00:01:51.613000,1.5
ANT,2.0,HARD,3.0,9.0,7,0 days 00:01:55.508333333,0 days 00:01:39.336000,4.0
ANT,3.0,INTERMEDIATE,10.0,20.0,11,0 days 00:02:04.493714285,0 days 00:01:47.009000,6.0
ANT,4.0,INTERMEDIATE,21.0,23.0,3,0 days 00:01:56.100500,0 days 00:01:55.501000,2.0
BEA,1.0,HARD,1.0,10.0,10,0 days 00:02:00.124800,0 days 00:01:42.431000,5.5
BEA,2.0,INTERMEDIATE,11.0,41.0,31,0 days 00:01:49.476038461,0 days 00:01:39.875000,16.0
BEA,3.0,MEDIUM,42.0,52.0,11,0 days 00:01:36.110636363,0 days 00:01:30.921000,6.0
BOR,1.0,MEDIUM,1.0,4.0,4,0 days 00:02:16.367666666,0 days 00:02:15.202000,2.5
COL,1.0,HARD,1.0,1.0,1,,,1.0
GAS,1.0,INTERMEDIATE,1.0,11.0,11,0 days 00:01:57.334000,0 days 00:01:45.466000,6.0
GAS,2.0,INTERMEDIATE,12.0,41.0,30,0 days 00:01:49.305680,0 days 00:01:41.825000,15.5
GAS,3.0,MEDIUM,42.0,52.0,11,0 days 00:01:35.930272727,0 days 00:01:30.751000,6.0
HAD,1.0,MEDIUM,1.0,10.0,10,0 days 00:01:59.892400,0 days 00:01:41.705000,5.5
HAD,2.0,INTERMEDIATE,11.0,18.0,8,0 days 00:02:06.310000,0 days 00:01:48.339000,4.5
HAM,1.0,INTERMEDIATE,1.0,11.0,11,0 days 00:01:57.221909090,0 days 00:01:46.102000,6.0
HAM,2.0,INTERMEDIATE,12.0,41.0,30,0 days 00:01:48.647080,0 days 00:01:39.553000,15.5
HAM,3.0,SOFT,42.0,52.0,11,0 days 00:01:35.804636363,0 days 00:01:30.016000,9.0
HUL,1.0,INTERMEDIATE,1.0,9.0,9,0 days 00:01:59.704111111,0 days 00:01:45.879000,5.0
HUL,2.0,INTERMEDIATE,10.0,42.0,33,0 days 00:01:46.431740740,0 days 00:01:38.912000,17.0
HUL,3.0,MEDIUM,43.0,52.0,10,0 days 00:01:35.119200,0 days 00:01:30.933000,5.5
LAW,1.0,INTERMEDIATE,1.0,1.0,1,,,1.0
LEC,1.0,MEDIUM,1.0,10.0,10,0 days 00:01:59.338300,0 days 00:01:40.092000,5.5
LEC,2.0,INTERMEDIATE,11.0,42.0,32,0 days 00:01:49.154074074,0 days 00:01:39.616000,16.5
LEC,3.0,SOFT,43.0,52.0,10,0 days 00:01:37.350700,0 days 00:01:30.819000,8.5
NOR,1.0,INTERMEDIATE,1.0,11.0,11,0 days 00:01:56.289181818,0 days 00:01:44.869000,6.0
NOR,2.0,INTERMEDIATE,12.0,44.0,33,0 days 00:01:44.647185185,0 days 00:01:38.778000,17.0
NOR,3.0,MEDIUM,45.0,52.0,8,0 days 00:01:33.826125,0 days 00:01:29.734000,4.5
OCO,1.0,INTERMEDIATE,1.0,18.0,18,0 days 00:02:01.457875,0 days 00:01:46.266000,9.5
OCO,2.0,INTERMEDIATE,19.0,42.0,24,0 days 00:01:44.166952380,0 days 00:01:39.944000,12.5
OCO,3.0,MEDIUM,43.0,52.0,10,0 days 00:01:35.977600,0 days 00:01:30.818000,5.5
PIA,1.0,INTERMEDIATE,1.0,11.0,11,0 days 00:01:55.595454545,0 days 00:01:44.171000,6.0
PIA,2.0,INTERMEDIATE,12.0,43.0,32,0 days 00:01:44.422000,0 days 00:01:37.478000,16.5
PIA,3.0,MEDIUM,44.0,52.0,9,0 days 00:01:35.464111111,0 days 00:01:29.337000,5.0
RUS,1.0,HARD,1.0,10.0,10,0 days 00:01:58.714500,0 days 00:01:41.287000,5.5
RUS,2.0,INTERMEDIATE,11.0,38.0,28,0 days 00:01:50.065304347,0 days 00:01:41.178000,14.5
RUS,3.0,HARD,39.0,52.0,14,0 days 00:01:38.101785714,0 days 00:01:30.869000,7.5
SAI,1.0,INTERMEDIATE,1.0,11.0,11,0 days 00:01:57.570727272,0 days 00:01:46.016000,6.0
SAI,2.0,INTERMEDIATE,12.0,41.0,30,0 days 00:01:49.857040,0 days 00:01:40.264000,15.5
SAI,3.0,MEDIUM,42.0,52.0,11,0 days 00:01:36.637636363,0 days 00:01:30.645000,6.0
STR,1.0,INTERMEDIATE,1.0,6.0,6,0 days 00:02:03.369666666,0 days 00:01:46.197000,3.5
STR,2.0,SOFT,7.0,10.0,4,0 days 00:01:50.199000,0 days 00:01:40.708000,2.5
STR,3.0,INTERMEDIATE,11.0,41.0,31,0 days 00:01:47.211240,0 days 00:01:40.951000,16.0
STR,4.0,SOFT,42.0,52.0,11,0 days 00:01:36.542909090,0 days 00:01:32.088000,6.0
TSU,1.0,INTERMEDIATE,1.0,11.0,11,0 days 00:01:58.243818181,0 days 00:01:46.058000,6.0
TSU,2.0,INTERMEDIATE,12.0,41.0,30,0 days 00:01:50.750840,0 days 00:01:43.258000,15.5
TSU,3.0,MEDIUM,42.0,51.0,10,0 days 00:01:39.315800,0 days 00:01:30.873000,5.5
VER,1.0,INTERMEDIATE,1.0,11.0,11,0 days 00:01:56.416090909,0 days 00:01:44.809000,6.0
VER,2.0,INTERMEDIATE,12.0,41.0,30,0 days 00:01:46.994041666,0 days 00:01:39.465000,15.5
VER,3.0,MEDIUM,42.0,52.0,11,0 days 00:01:35.868272727,0 days 00:01:30.179000,6.0
